city_id,city_name,country,latitude,longitude,weather_date,temp,humidity,cloudiness,wind_speed
3366880,Hermanus,ZA,-34.42,19.23,01/24/20,            66.99,91,0,16.22
3369157,Cape Town,ZA,-33.93,18.42,01/24/20,            66.31,93,75,11.41
1526041,Atasu,KZ,48.68,71.64,01/24/20,            24.33,93,100,20.96
4030556,Rikitea,PF,-23.12,-134.97,01/24/20,            78.39,76,0,16.31
4032243,Vaini,TO,-21.2,-175.2,01/24/20,            80.6,78,20,11.41
4035715,Avarua,CK,-21.21,-159.78,01/24/20,            82.4,88,90,8.05
2630299,Hofn,IS,64.25,-15.21,01/24/20,            34.07,93,100,23.69
2077963,Albany,AU,-35.02,117.89,01/24/20,            60.8,87,90,4.7
1804153,Leshan,CN,29.56,103.76,01/24/20,            44.73,80,100,4.61
6167817,Torbay,CA,47.67,-52.73,01/24/20,            28.42,68,75,12.75
2966778,Ballina,IE,54.12,-9.17,01/24/20,            44.62,100,90,12.75
533793,Lubyany,RU,56.04,51.4,01/24/20,            14,78,40,11.18
542184,Krasnovishersk,RU,60.41,57.08,01/24/20,            8.2,96,93,3.69
889215,Kariba,ZW,-16.52,28.8,01/24/20,            69.35,88,91,4.05
2074865,Carnarvon,AU,-24.87,113.63,01/24/20,            77,69,0,12.75
3833367,Ushuaia,AR,-54.8,-68.3,01/24/20,            54.59,54,75,6.98
692315,Sudak,UA,44.85,34.97,01/24/20,            29.75,73,0,3.29
2163355,Hobart,AU,-42.88,147.33,01/24/20,            60.26,55,75,11.41
778707,Mehamn,NO,71.04,27.85,01/24/20,            23,79,92,10.29
2075265,Busselton,AU,-33.65,115.33,01/24/20,            59.88,57,37,8.9
3874787,Punta Arenas,CL,-53.15,-70.92,01/24/20,            46.83,87,90,4.7
2109701,Auki,SB,-8.77,160.7,01/24/20,            84.33,74,52,8.75
2027109,Barguzin,RU,53.62,109.62,01/24/20,            -9.35,91,97,7.02
1264976,Leh,IN,34.17,77.58,01/24/20,            -6.02,80,97,3.74
1850523,Tateyama,JP,34.98,139.87,01/24/20,            45.09,45,75,16.11
5367788,Lompoc,US,34.64,-120.46,01/24/20,            68.58,68,1,13.87
5911440,Burgeo,CA,47.62,-57.62,01/24/20,            22.41,63,0,15.41
1855540,Naze,JP,28.37,129.48,01/24/20,            64.4,100,100,1.12
3387204,Soure,BR,-0.72,-48.52,01/24/20,            80.31,85,77,7.16
1282256,Hithadhoo,MV,-0.6,73.08,01/24/20,            83.57,77,67,11.56
1863289,Kosai,JP,34.71,137.53,01/24/20,            45.19,61,75,20.8
5848280,Kapaa,US,22.08,-159.32,01/24/20,            76.12,69,1,3.36
2377457,Nouadhibou,MR,20.93,-17.03,01/24/20,            66.2,63,100,14.99
3831208,Qaanaaq,GL,77.48,-69.36,01/24/20,            -8.28,52,0,9.48
2123814,Leningradskiy,RU,69.38,178.42,01/24/20,            -23.28,73,0,1.54
1785036,Zhangye,CN,38.93,100.45,01/24/20,            23.07,38,88,6.02
2126682,Bilibino,RU,68.05,166.44,01/24/20,            -18.69,71,100,2.44
3355672,Luderitz,NA,-26.65,15.16,01/24/20,            69.8,83,0,6.93
2022572,Khatanga,RU,71.97,102.5,01/24/20,            -25.78,89,81,8.75
6185377,Yellowknife,CA,62.46,-114.35,01/24/20,            3.2,84,40,8.05
5882953,Aklavik,CA,68.22,-135.01,01/24/20,            -4.76,83,90,9.17
986717,Kruisfontein,ZA,-34,24.73,01/24/20,            70,78,0,6.89
2128975,Nemuro,JP,43.32,145.57,01/24/20,            19.96,84,97,23.09
2077895,Alice Springs,AU,-23.7,133.88,01/24/20,            73.4,27,11,5.82
1006984,East London,ZA,-33.02,27.91,01/24/20,            75.58,80,93,10
1583992,Turan,VN,16.07,108.22,01/24/20,            72.23,88,75,2.24
3984997,San Quintin,MX,30.48,-115.95,01/24/20,            63.32,69,100,7.76
520552,Nizhniy Odes,RU,63.64,54.86,01/24/20,            -2.61,98,89,3.29
3663142,Novo Aripuana,BR,-5.12,-60.38,01/24/20,            89.42,62,100,2.62
5924351,Clyde River,CA,70.47,-68.59,01/24/20,            -16.6,75,75,14.99
6162949,Terrace,CA,54.52,-128.6,01/24/20,            35.4,93,90,6.93
2294915,Takoradze,GH,4.88,-1.76,01/24/20,            80.35,82,49,3.65
3471451,Arraial do Cabo,BR,-22.97,-42.03,01/24/20,            75.2,83,90,4.7
5861897,Fairbanks,US,64.84,-147.72,01/24/20,            -4.76,76,90,2.62
5870133,Nome,US,64.5,-165.41,01/24/20,            -17.7,75,1,5.97
1486321,Yar-Sale,RU,66.83,70.83,01/24/20,            4.84,96,86,4.85
2013279,Vostok,RU,46.49,135.88,01/24/20,            -16.19,98,77,5.23
1489822,Teguldet,RU,57.31,88.17,01/24/20,            28.69,96,100,7.7
3896218,Castro,CL,-42.47,-73.77,01/24/20,            64.4,59,75,16.11
2136825,Isangel,VU,-19.55,169.27,01/24/20,            75.2,88,40,5.82
5847411,Kahului,US,20.89,-156.47,01/24/20,            77.34,65,1,4.7
1735799,Sri Aman,MY,1.24,111.46,01/24/20,            75.13,100,22,0.83
2015306,Tiksi,RU,71.69,128.87,01/24/20,            -32.46,88,0,5.86
3374346,Ponta do Sol,CV,17.2,-25.09,01/24/20,            75.2,60,0,11.41
3827407,Venustiano Carranza,MX,19.43,-99.1,01/24/20,            67.69,32,75,6.93
1721491,Cabra,PH,13.89,120.05,01/24/20,            79.77,79,100,23
2155415,New Norfolk,AU,-42.78,147.06,01/24/20,            60.26,55,75,11.41
2092164,Lorengau,PG,-2.02,147.27,01/24/20,            83.62,68,9,5.19
2064550,Northam,AU,-31.67,116.67,01/24/20,            59.72,76,67,6.8
1507390,Dikson,RU,73.51,80.55,01/24/20,            -5.03,96,100,10.58
2206939,Bluff,NZ,-46.6,168.33,01/24/20,            59,96,100,5.01
2611497,Tonder,DK,54.93,8.87,01/24/20,            42.49,93,100,16.11
3533462,Acapulco de Juarez,MX,16.86,-99.89,01/24/20,            87.8,58,20,5.82
3899695,Ancud,CL,-41.87,-73.82,01/24/20,            64.4,59,75,16.11
3664078,Humaita,BR,-7.51,-63.02,01/24/20,            84.29,84,94,3
2112309,Katsuura,JP,35.13,140.3,01/24/20,            45.7,45,75,16.11
557882,Gusev,RU,54.59,22.2,01/24/20,            39.15,89,100,15.5
5880054,Barrow,US,71.29,-156.79,01/24/20,            -20.2,75,1,8.05
1214488,Meulaboh,ID,4.14,96.13,01/24/20,            82.92,74,74,1.16
5855927,Hilo,US,19.73,-155.09,01/24/20,            75.33,57,90,6.58
3372472,Vila Franca do Campo,PT,37.72,-25.43,01/24/20,            55.4,76,75,6.93
3421719,Narsaq,GL,60.92,-46.05,01/24/20,            24.8,79,75,10.92
1784841,Zhaotong,CN,27.32,103.72,01/24/20,            26.35,94,100,4.12
935215,Saint-Philippe,RE,-21.36,55.77,01/24/20,            76.15,100,72,23.04
2110227,Butaritari,KI,3.07,172.79,01/24/20,            84.31,71,100,5.32
2019488,Namtsy,RU,62.72,129.67,01/24/20,            -50.8,63,90,2.24
3543299,Puerto Padre,CU,21.2,-76.6,01/24/20,            82.4,42,40,8.05
1162094,Ziarat,PK,30.38,67.73,01/24/20,            34,99,99,1.86
3985710,Cabo San Lucas,MX,22.89,-109.91,01/24/20,            70.83,68,90,4.7
6301965,Howard Springs,AU,-12.5,131.05,01/24/20,            83.03,83,20,8.05
687726,Zaozyornoye,UA,45.16,33.28,01/24/20,            42.91,70,0,20.49
3385077,Conde,BR,-7.26,-34.91,01/24/20,            82.4,78,75,10.29
3393536,Olinda,BR,-8.01,-34.86,01/24/20,            84.2,74,75,5.82
1485997,Yeniseysk,RU,58.45,92.17,01/24/20,            28.49,92,100,7.4
2122090,Pevek,RU,69.7,170.31,01/24/20,            -27.85,97,0,1.14
1015776,Bredasdorp,ZA,-34.53,20.04,01/24/20,            67.6,88,28,1.12
964420,Port Elizabeth,ZA,-33.92,25.57,01/24/20,            69.8,83,21,5.82
2158767,Mareeba,AU,-17,145.43,01/24/20,            74.64,100,90,2.24
691355,Toshkivka,UA,48.78,38.58,01/24/20,            31.89,76,100,15.84
3467577,Canavieiras,BR,-15.68,-38.95,01/24/20,            80.6,88,90,6.93
3347019,Mossamedes,AO,-15.2,12.15,01/24/20,            74.66,79,21,10.65
6165406,Thompson,CA,55.74,-97.86,01/24/20,            17.6,78,75,6.93
2194098,Ahipara,NZ,-35.17,173.17,01/24/20,            75.99,100,0,5.93
1033356,Nampula,MZ,-15.12,39.27,01/24/20,            69.55,98,17,4.5
1738050,Marabu,MY,4.41,114.01,01/24/20,            78.24,87,45,5.08
3665202,Aripuana,BR,-9.17,-60.63,01/24/20,            81.46,94,100,2.39
3420846,Qaqortoq,GL,60.72,-46.03,01/24/20,            24.8,79,75,27.56
6170031,Tuktoyaktuk,CA,69.45,-133.04,01/24/20,            -2.2,77,90,10.29
2387546,Bozoum,CF,6.32,16.38,01/24/20,            66.13,17,88,4.45
3393692,Itarema,BR,-2.92,-39.92,01/24/20,            81.05,68,41,7.99
1649150,Bengkulu,ID,-3.8,102.27,01/24/20,            74.12,96,100,4.92
2156643,Mount Gambier,AU,-37.83,140.77,01/24/20,            59,93,75,8.05
934322,Mahebourg,MU,-20.41,57.7,01/24/20,            79.47,94,75,12.75
3418910,Upernavik,GL,72.79,-56.15,01/24/20,            -13.31,96,73,5.01
5802570,Marysville,US,48.05,-122.18,01/24/20,            50.36,76,75,20.8
2071860,Esperance,AU,-33.87,121.9,01/24/20,            60.8,100,90,4.7
882100,Rusape,ZW,-18.53,32.13,01/24/20,            61.05,95,100,2.37
6089245,Norman Wells,CA,65.28,-126.83,01/24/20,            -5.8,70,90,8.05
2020838,Lensk,RU,60.73,114.93,01/24/20,            0.59,97,100,3.53
2508807,Adrar,DZ,25.75,-1,01/24/20,            68.23,21,100,9.51
5282297,Bethel,US,41.37,-73.41,01/24/20,            46.71,20,1,6.93
3421193,Paamiut,GL,61.99,-49.67,01/24/20,            15.94,78,100,22.53
1623197,Tual,ID,-5.67,132.75,01/24/20,            83.55,73,99,7.54
3430863,Mar del Plata,AR,-38,-57.56,01/24/20,            82.4,61,75,16.11
2152667,Portland,AU,-38.33,141.6,01/24/20,            61.47,88,23,17.78
2070998,Geraldton,AU,-28.77,114.6,01/24/20,            60.8,77,33,5.82
2094027,Kieta,PG,-6.22,155.63,01/24/20,            81.54,75,33,4.18
2259947,Gamboma,CG,-1.88,15.86,01/24/20,            79.12,42,35,0.69
3424607,Tasiilaq,GL,65.61,-37.64,01/24/20,            19.4,52,100,27.51
2125693,Evensk,RU,61.95,159.23,01/24/20,            -6.57,96,100,17.87
2119283,Zyryanka,RU,65.75,150.85,01/24/20,            -27.83,98,100,4.07
3115824,Muros,ES,42.78,-9.06,01/24/20,            46.15,87,40,2.35
477940,Ust-Tsilma,RU,65.44,52.15,01/24/20,            -0.89,97,84,2.86
2399001,Mayumba,GA,-3.43,10.66,01/24/20,            82.15,78,92,4.03
2449893,Tessalit,ML,20.2,1.01,01/24/20,            78.13,11,100,11.34
2109528,Buala,SB,-8.14,159.59,01/24/20,            82.2,76,51,6.4
2098329,Daru,PG,-9.08,143.21,01/24/20,            76.26,86,77,2.98
777019,Vardo,NO,70.37,31.11,01/24/20,            20.23,68,40,14.99
5954718,Flin Flon,CA,54.77,-101.86,01/24/20,            19.4,92,75,4.7
3421765,Nanortalik,GL,60.14,-45.24,01/24/20,            23.25,79,100,25.46
2032614,Baruun-Urt,MN,46.68,113.28,01/24/20,            -1.17,86,0,7.78
3652764,Puerto Ayora,EC,-0.74,-90.35,01/24/20,            82.51,58,20,19.46
1519422,Semey,KZ,50.41,80.23,01/24/20,            25.47,85,100,16.87
2514651,Los Llanos de Aridane,ES,28.66,-17.92,01/24/20,            60.39,59,20,8.05
2121385,Severo-Kuril'sk,RU,50.68,156.12,01/24/20,            14.4,88,77,30.6
154002,Mhango,TZ,-3.28,32.85,01/24/20,            65.71,78,100,1.92
338345,Edd,ER,13.93,41.69,01/24/20,            73.44,66,84,10.87
3372707,Ribeira Grande,PT,38.52,-28.7,01/24/20,            59,72,75,4.7
2757220,Den Helder,NL,52.96,4.76,01/24/20,            39.34,100,90,11.41
6171633,Ucluelet,CA,48.93,-125.55,01/24/20,            47.95,93,90,8.05
3125287,Cervo,ES,43.67,-7.41,01/24/20,            45.81,1,98,1.3
1293625,Dawei,MM,14.08,98.2,01/24/20,            76.64,74,100,5.35
5866583,Kodiak,US,57.79,-152.41,01/24/20,            17.6,57,90,16.11
3457455,Matinhos,BR,-25.82,-48.54,01/24/20,            77.22,64,75,11.41
6690295,Saint-Denis,RE,-20.87,55.47,01/24/20,            76.06,94,90,8.05
988698,Knysna,ZA,-34.04,23.05,01/24/20,            62.6,79,6,4.7
2108502,Honiara,SB,-9.43,159.95,01/24/20,            75.2,100,40,1.95
2687636,Nynaeshamn,SE,58.9,17.95,01/24/20,            39.49,86,0,12.75
933995,Souillac,MU,-20.52,57.52,01/24/20,            79.47,94,75,12.75
2313084,Mangai,CD,-4.05,19.53,01/24/20,            74.79,57,88,1.05
5563839,Fortuna,US,40.6,-124.16,01/24/20,            59.88,67,1,3.36
1272140,Dwarka,IN,22.24,68.97,01/24/20,            72.09,55,39,7.43
1688696,San Policarpo,PH,12.18,125.51,01/24/20,            78.78,87,5,10.18
2449066,Tombouctou,ML,20,-3,01/24/20,            82,9,100,11.14
2420883,Fria,GN,10.42,-13.58,01/24/20,            76.8,50,100,2.68
2654728,Bridlington,GB,54.08,-0.19,01/24/20,            42.89,87,40,5.82
3450206,Santa Helena de Goias,BR,-17.81,-50.6,01/24/20,            77.79,90,100,7.14
290340,Manama,BH,26.22,50.58,01/24/20,            56.55,58,0,2.24
2017155,Saskylakh,RU,71.92,114.08,01/24/20,            -27.15,91,100,24.07
2100765,Angoram,PG,-4.06,144.07,01/24/20,            74.23,97,28,2.93
370481,Merowe,SD,18.48,31.82,01/24/20,            54.72,28,0,11.72
2075720,Broome,AU,-17.97,122.23,01/24/20,            84.2,83,75,9.17
964432,Port Alfred,ZA,-33.59,26.89,01/24/20,            75,72,78,11.01
2208248,Kaitangata,NZ,-46.28,169.85,01/24/20,            69.01,68,100,14.36
3527186,Gutierrez Zamora,MX,20.45,-97.08,01/24/20,            73.4,83,90,6.93
2126710,Beringovskiy,RU,63.05,179.32,01/24/20,            2.44,97,100,9.44
2662149,Ystad,SE,55.43,13.82,01/24/20,            43.05,100,90,13.87
2013727,Vanavara,RU,60.34,102.28,01/24/20,            12.51,96,100,4.45
3374218,Santa Maria,CV,16.6,-22.9,01/24/20,            71.6,78,20,13.87
1242110,Kalmunai,LK,7.42,81.82,01/24/20,            81.52,70,99,15.05
6323121,Florianopolis,BR,-27.61,-48.5,01/24/20,            78.62,74,20,18.34
3405051,Borba,BR,-4.39,-59.59,01/24/20,            90.3,61,100,1.79
2013216,Vysokogornyy,RU,50.12,139.15,01/24/20,            -16.89,99,100,3.85
4485355,Piney Green,US,34.72,-77.32,01/24/20,            64.56,63,75,11.41
556268,Ostrovnoy,RU,68.05,39.51,01/24/20,            12.25,92,100,8.7
1244926,Hambantota,LK,6.12,81.12,01/24/20,            79.9,76,0,23.42
4031574,Provideniya,RU,64.38,-173.3,01/24/20,            -9.83,97,94,4.97
4020109,Atuona,PF,-9.8,-139.03,01/24/20,            80.71,75,21,12.15
2637762,Skegness,GB,53.14,0.34,01/24/20,            44.33,93,90,3.36
4031637,Lavrentiya,RU,65.58,-171,01/24/20,            -16.02,78,0,3.58
2090021,Namatanai,PG,-3.67,152.43,01/24/20,            82.96,78,10,13.04
57000,Hobyo,SO,5.35,48.53,01/24/20,            79.05,81,26,19.53
665790,Sulina,RO,45.16,29.65,01/24/20,            39.16,59,0,9.64
3370903,Jamestown,SH,-15.94,-5.72,01/24/20,            74.25,71,98,8.3
1797929,Qingdao,CN,36.1,120.37,01/24/20,            30.43,63,100,4.47
2137773,Vao,NC,-22.67,167.48,01/24/20,            76.87,81,28,19.28
3372964,Lagoa,PT,39.05,-27.98,01/24/20,            59.25,74,100,13.65
1648759,Bima,ID,-8.47,118.72,01/24/20,            72.28,95,27,1.59
2997116,Lunel,FR,43.68,4.14,01/24/20,            48.16,100,90,6.93
6050416,La Tuque,CA,47.43,-72.78,01/24/20,            22.3,91,29,1.86
3141667,Roald,NO,62.58,6.13,01/24/20,            34.81,68,75,13.87
3547930,Mantua,CU,22.29,-84.28,01/24/20,            74.46,61,100,9.48
1490256,Talnakh,RU,69.49,88.4,01/24/20,            6.8,77,100,13.42
2018735,Nyurba,RU,63.28,118.33,01/24/20,            -29.76,95,99,6.71
3430708,Mercedes,AR,-34.65,-59.43,01/24/20,            89.02,49,23,5.01
1835848,Seoul,KR,37.57,126.98,01/24/20,            29.8,86,40,2.42
2188371,Lincoln,NZ,-43.65,172.48,01/24/20,            72.66,93,100,8.05
1803331,Linxia,CN,35.6,103.21,01/24/20,            17.15,73,2,1.14
1788450,Xinzhou,CN,38.41,112.73,01/24/20,            18.97,66,44,1.81
1791748,Wanxian,CN,30.8,108.39,01/24/20,            40.87,83,100,4.27
2122104,Petropavlovsk-Kamchatsky,RU,53.05,158.65,01/24/20,            10.4,60,100,2.24
1525798,Balkhash,KZ,46.84,74.98,01/24/20,            33.67,97,100,18.75
6071618,Medicine Hat,CA,50.05,-110.67,01/24/20,            42.46,70,75,14.99
1687186,Sarangani,PH,5.4,125.46,01/24/20,            81.68,79,70,13.33
2126199,Cherskiy,RU,68.75,161.3,01/24/20,            -39.3,99,14,3.18
4799622,Bluefield,US,37.27,-81.22,01/24/20,            45.36,93,90,6.93
6137462,Saint-Augustin,CA,51.23,-58.65,01/24/20,            6.19,73,0,13.8
3446619,Terenos,BR,-20.44,-54.86,01/24/20,            84.2,66,40,11.41
3381538,Grand-Santi,GF,4.25,-54.38,01/24/20,            86.05,55,68,5.21
3650312,Valdez,EC,1.25,-78.98,01/24/20,            84.25,69,67,7.56
4226364,Thomaston,US,32.89,-84.33,01/24/20,            59.05,72,28,12.75
5850554,Makakilo City,US,21.35,-158.09,01/24/20,            77.14,73,1,9.17
3461973,Guanambi,BR,-14.22,-42.78,01/24/20,            69.89,98,100,3.42
546105,Nikolskoye,RU,59.7,30.79,01/24/20,            33.35,86,75,11.18
3455065,Paranaiba,BR,-19.68,-51.19,01/24/20,            78.49,83,65,7.11
4880889,Waterloo,US,42.49,-92.34,01/24/20,            32.59,96,90,12.75
359792,Aswan,EG,24.09,32.91,01/24/20,            50.99,56,0,11.21
5525584,Lubbock,US,33.6,-101.83,01/24/20,            56.3,35,20,12.75
3466165,Cidreira,BR,-30.18,-50.21,01/24/20,            73.9,77,0,12.55
2435508,Benoy,TD,8.98,16.32,01/24/20,            68.88,13,0,5.26
3651949,San Cristobal,EC,-0.9,-89.62,01/24/20,            80.6,78,40,13.87
528242,Mayskiy,RU,47.69,40.1,01/24/20,            32,79,40,20.13
140951,Behbahan,IR,30.6,50.24,01/24/20,            41,100,0,1.57
2180815,Tuatapere,NZ,-46.13,167.68,01/24/20,            59,96,100,5.01
2142316,Yeppoon,AU,-23.13,150.73,01/24/20,            77,94,90,4.7
3386213,Touros,BR,-5.2,-35.46,01/24/20,            84.2,70,75,9.17
1160571,Khash,IR,28.22,61.22,01/24/20,            48.83,96,51,9.71
2136697,Lakatoro,VU,-16.1,167.42,01/24/20,            77,94,75,2.24
1255396,Supaul,IN,26.12,86.6,01/24/20,            52.68,61,0,3.13
2386042,Kabo,CF,7.7,18.63,01/24/20,            69.42,14,86,4.92
779622,Avanuorri,NO,71,24.66,01/24/20,            26.56,79,86,10.29
1106677,Bambous Virieux,MU,-20.34,57.76,01/24/20,            79.43,94,75,12.75
3893726,Constitucion,CL,-35.33,-72.42,01/24/20,            68.68,46,0,13.98
1863997,Fukuecho,JP,32.69,128.84,01/24/20,            55.4,76,100,9.17
2152659,Port Macquarie,AU,-31.43,152.92,01/24/20,            73.87,94,90,1.12
743952,Kars,TR,40.6,43.09,01/24/20,            8.89,77,0,4.7
1812256,Dongsheng,CN,39.82,109.98,01/24/20,            14.63,67,0,4.43
933077,Shakawe,BW,-18.37,21.85,01/24/20,            75,57,21,3.53
3939761,Hualmay,PE,-11.1,-77.61,01/24/20,            81.14,51,84,9.8
3374210,Sao Filipe,CV,14.9,-24.5,01/24/20,            72.93,70,0,11.1
3393095,Paraibano,BR,-6.43,-43.98,01/24/20,            79,86,100,4.34
2411397,Georgetown,SH,-7.93,-14.42,01/24/20,            78.35,81,73,17.11
2123979,Kurilsk,RU,45.23,147.88,01/24/20,            16.97,87,68,27.89
1528998,Yumen,CN,40.28,97.2,01/24/20,            17.98,59,11,10
5554072,Juneau,US,58.3,-134.42,01/24/20,            33.35,86,90,8.05
3572924,Alice Town,BS,25.72,-79.3,01/24/20,            72.73,69,100,7.76
3841490,Pergamino,AR,-33.89,-60.57,01/24/20,            88.74,47,100,1.99
1068971,Antsohihy,MG,-14.88,47.99,01/24/20,            73.49,96,99,2.51
347796,Sohag,EG,26.56,31.69,01/24/20,            53.6,54,0,9.17
1267390,Kavaratti,IN,10.57,72.64,01/24/20,            81.18,73,67,4.72
1028918,Pemba,MZ,-12.97,40.52,01/24/20,            78.15,83,31,5.53
3662342,Sao Gabriel da Cachoeira,BR,-0.13,-67.09,01/24/20,            93.06,52,93,0.78
459102,Kalnciems,LV,56.8,23.61,01/24/20,            42.8,93,90,6.93
2126123,Chokurdakh,RU,70.63,147.92,01/24/20,            -35.07,93,0,4.14
2083537,Wewak,PG,-3.55,143.63,01/24/20,            75.92,87,21,4.7
581049,Arkhangelsk,RU,64.54,40.54,01/24/20,            15.8,92,90,6.71
2960970,Westport,IE,53.8,-9.52,01/24/20,            44.73,100,90,12.75
3939285,Huaral,PE,-11.49,-77.21,01/24/20,            80.6,69,75,11.41
3347353,Menongue,AO,-14.66,17.69,01/24/20,            65.64,80,30,3.74
286621,Salalah,OM,17.02,54.09,01/24/20,            77,73,20,4.7
3057910,Rajec,SK,49.09,18.64,01/24/20,            27.48,86,90,6.93
3608828,Iralaya,HN,15,-83.23,01/24/20,            80.6,78,75,6.93
1626493,Srandakan,ID,-7.94,110.25,01/24/20,            75.38,89,95,2.46
2278158,Buchanan,LR,5.88,-10.05,01/24/20,            77.74,90,32,3.65
609924,Emba,KZ,48.83,58.14,01/24/20,            5.49,97,81,9.35
768218,Konskie,PL,51.19,20.41,01/24/20,            29.97,100,0,1.01
3131824,Vigrestad,NO,58.57,5.7,01/24/20,            39.58,81,40,12.75
1070940,Fenoarivo,MG,-18.93,47.44,01/24/20,            66.2,93,75,5.82
3557758,Guane,CU,22.2,-84.09,01/24/20,            75.2,60,57,9.64
2429344,Kyabe,TD,9.45,18.94,01/24/20,            66.92,13,65,6.55
545728,Komsomolskiy,RU,43.98,46.7,01/24/20,            29.95,67,0,8.66
1492566,Severo-Yeniseyskiy,RU,60.37,93.04,01/24/20,            21.42,91,38,10.22
2270385,Camacha,PT,33.08,-16.33,01/24/20,            60.04,63,40,16.11
2063036,Port Lincoln,AU,-34.73,135.87,01/24/20,            61.38,84,0,8.14
2352110,Okitipupa,NG,6.5,4.78,01/24/20,            71.15,56,0,2.28
553766,Kamenka,RU,51.32,42.77,01/24/20,            28,85,100,1.99
3386177,Trairi,BR,-3.28,-39.27,01/24/20,            79.88,67,35,5.86
1056899,Sambava,MG,-14.27,50.17,01/24/20,            72.46,98,100,1.54
4021858,Guerrero Negro,MX,27.98,-114.06,01/24/20,            69.17,43,100,9.78
2455216,Kita,ML,13.03,-9.49,01/24/20,            83.73,9,99,6.04
3981391,Tomatlan,MX,19.93,-105.25,01/24/20,            82.94,51,91,8.7
1255816,Sompeta,IN,18.93,84.6,01/24/20,            64.81,81,93,2.42
5517675,Brownfield,US,33.18,-102.27,01/24/20,            57.54,38,1,10.29
3451138,Rio Grande,BR,-32.03,-52.1,01/24/20,            82.8,48,0,12.08
4034551,Faanui,PF,-16.48,-151.75,01/24/20,            82.24,78,0,14.47
2618795,Klaksvik,FO,62.23,-6.59,01/24/20,            39.2,86,100,11.41
64814,Bandarbeyla,SO,9.49,50.81,01/24/20,            79.11,84,100,18.86
187725,Maralal,KE,1.1,36.7,01/24/20,            67.98,68,100,7.31
8010683,Porto Santo,PT,33.07,-16.34,01/24/20,            60.04,63,40,16.11
359783,Assiut,EG,27.18,31.18,01/24/20,            50,66,0,6.93
3374083,Bathsheba,BB,13.22,-59.52,01/24/20,            82.4,74,40,11.41
2270336,Campo Maior,PT,39.02,-7.07,01/24/20,            50.95,93,75,6.93
3932145,Pisco,PE,-13.7,-76.22,01/24/20,            71.6,30,75,10.29
5520076,Del Rio,US,29.36,-100.9,01/24/20,            67.41,32,1,14.99
3108680,Soria,ES,41.67,-2.67,01/24/20,            36.37,91,82,5.39
2450173,Taoudenni,ML,22.68,-3.98,01/24/20,            78.22,16,100,7.76
241131,Victoria,SC,-4.62,55.45,01/24/20,            84.2,83,75,3.36
2093967,Kimbe,PG,-5.55,150.14,01/24/20,            77.76,90,89,1.9
4177872,West Melbourne,US,28.07,-80.65,01/24/20,            74.91,64,75,10.29
1067565,Beloha,MG,-25.17,45.05,01/24/20,            69.94,76,0,14.47
3466980,Caravelas,BR,-17.71,-39.25,01/24/20,            78.78,86,100,22.19
2636790,Stornoway,GB,58.21,-6.39,01/24/20,            46.71,100,75,21.92
5742974,North Bend,US,43.41,-124.22,01/24/20,            54.34,93,90,5.82
2068110,Kununurra,AU,-15.77,128.73,01/24/20,            84.2,89,79,2.24
3424934,Saint-Pierre,PM,46.77,-56.17,01/24/20,            28.26,74,20,11.41
3459094,Laguna,BR,-28.48,-48.78,01/24/20,            70.54,96,7,2.66
1734393,Kulim,MY,5.37,100.56,01/24/20,            78.64,73,20,2.24
5849297,Kihei,US,20.79,-156.47,01/24/20,            77.32,65,1,4.7
2447513,Arlit,NE,18.74,7.39,01/24/20,            74.39,8,100,11.72
239899,Bria,CF,6.54,21.99,01/24/20,            66.88,17,91,4.56
3839307,Rawson,AR,-43.3,-65.1,01/24/20,            73.94,43,100,16.2
5509851,Pahrump,US,36.21,-115.98,01/24/20,            61.77,30,1,2.95
2172797,Cairns,AU,-16.92,145.77,01/24/20,            75.15,100,90,2.24
2446796,Bilma,NE,18.69,12.92,01/24/20,            64.38,12,0,8.88
1856392,Muroto,JP,33.28,134.15,01/24/20,            42.58,78,51,5.12
6255012,Flinders,AU,-34.58,150.86,01/24/20,            71.38,100,90,5.82
1061335,Mananjary,MG,-21.22,48.33,01/24/20,            77.86,79,100,9.51
2281120,Tabou,CI,4.42,-7.35,01/24/20,            78.42,92,2,3.09
3470137,Belmonte,BR,-15.86,-38.88,01/24/20,            81.46,88,90,6.93
3395458,Maragogi,BR,-9.01,-35.22,01/24/20,            82.02,76,100,13.58
5457180,Bernalillo,US,35.05,-106.67,01/24/20,            49.91,34,1,9.17
2132606,Samarai,PG,-10.62,150.67,01/24/20,            77.58,87,100,2.51
574620,Bolshaya Sosnova,RU,57.67,54.6,01/24/20,            5.09,98,96,8.55
6620339,Karratha,AU,-20.74,116.85,01/24/20,            84.06,77,19,13.73
2331005,Malumfashi,NG,11.79,7.62,01/24/20,            65.95,17,0,11.12
2123628,Magadan,RU,59.57,150.8,01/24/20,            -18.09,76,0,11.56
2181625,Te Anau,NZ,-45.42,167.72,01/24/20,            58.44,98,100,1.19
2021017,Kysyl-Syr,RU,63.9,122.76,01/24/20,            -43.76,98,60,6.2
2460954,Araouane,ML,18.9,-3.53,01/24/20,            80.42,11,95,9.33
898912,Serenje,ZM,-13.23,30.24,01/24/20,            61.74,97,50,3.85
3883457,Lebu,CL,-37.62,-73.65,01/24/20,            68.14,37,0,12.64
301116,Sereflikochisar,TR,38.94,33.54,01/24/20,            27.14,59,0,2.01
934479,Grand Gaube,MU,-20.01,57.66,01/24/20,            79.2,94,75,12.75
541647,Krasnyy Kut,RU,50.95,46.97,01/24/20,            23.13,93,99,20.58
3837056,San Luis,AR,-33.3,-66.34,01/24/20,            98.67,20,1,0.2
3399058,Garanhuns,BR,-8.89,-36.49,01/24/20,            79.12,61,100,11.48
5899982,Biggar,CA,52.07,-108,01/24/20,            30.99,89,100,5.03
1637001,Biak,ID,-0.91,122.88,01/24/20,            80.67,71,20,4.23
3443061,Chui,UY,-33.7,-53.46,01/24/20,            80.91,52,0,7.31
1633419,Padang,ID,-0.95,100.35,01/24/20,            67.89,94,3,4.52
921786,Mitsamiouli,KM,-11.38,43.28,01/24/20,            75.2,94,40,5.82
3175531,Provincia di Imperia,IT,43.97,7.78,01/24/20,            43.92,87,75,4.7
3633009,Maracaibo,VE,10.63,-71.64,01/24/20,            84.83,60,49,16.04
88533,Awjilah,LY,29.11,21.29,01/24/20,            54.46,63,0,5.35
2120612,Tigil,RU,57.8,158.67,01/24/20,            4.24,95,100,10.63
6355222,Yulara,AU,-25.24,130.99,01/24/20,            75.2,25,10,8.05
3379316,Lethem,GY,3.38,-59.8,01/24/20,            96.62,27,100,12.44
2521570,Arrecife,ES,28.96,-13.55,01/24/20,            63.39,72,20,4.7
5445298,Dodge City,US,37.75,-100.02,01/24/20,            47.79,45,20,5.82
1161724,Chabahar,IR,25.29,60.64,01/24/20,            68.04,78,21,2.53
2144528,Warrnambool,AU,-38.38,142.48,01/24/20,            61,88,3,13.76
7601762,Bairiki Village,KI,1.33,172.98,01/24/20,            84.2,89,75,5.82
2018069,Peleduy,RU,59.63,112.74,01/24/20,            4.35,96,100,5.7
2185329,Otane,NZ,-39.88,176.63,01/24/20,            72,67,28,4
1661950,Ban Nahin,LA,18.24,104.21,01/24/20,            69.12,91,100,2.01
3655185,Nueva Loja,EC,0.08,-76.88,01/24/20,            88.56,70,75,4.7
1516048,Khovd,MN,48.01,91.64,01/24/20,            -0.24,74,8,1.01
5354943,Half Moon Bay,US,37.46,-122.43,01/24/20,            61.92,82,1,6.93
545788,Kommunar,RU,59.62,30.39,01/24/20,            33.4,86,75,11.18
2255304,Sembe,CG,1.65,14.58,01/24/20,            73.04,22,94,0.6
2163701,Healesville,AU,-37.65,145.52,01/24/20,            56.5,76,23,5.82
5703673,Elko,US,41,-115.5,01/24/20,            40.3,86,90,8.05
141736,Bam,IR,29.11,58.36,01/24/20,            52.09,53,16,2.24
1831125,Kampong Thom,KH,12.71,104.89,01/24/20,            69.91,84,100,8.88
945945,Upington,ZA,-28.45,21.26,01/24/20,            82.4,23,0,8.05
3361934,Saldanha,ZA,-33.01,17.94,01/24/20,            66.2,82,0,4.7
2640255,Pitlochry,GB,56.71,-3.73,01/24/20,            44.69,87,40,2.24
364103,Wad Medani,SD,14.4,33.52,01/24/20,            61.57,22,0,14.34
2023584,Imeni Poliny Osipenko,RU,52.42,136.49,01/24/20,            -9.47,98,99,1.63
2303611,Esim,GH,4.87,-2.24,01/24/20,            80.35,82,49,3.65
2029947,Moron,MN,47.38,110.32,01/24/20,            -0.58,69,0,2.62
3491161,Bull Savanna,JM,17.89,-77.59,01/24/20,            75.34,67,2,5.68
3495137,Pedernales,DO,18.04,-71.74,01/24/20,            82.4,69,40,13.87
3385670,Urucara,BR,-2.54,-57.76,01/24/20,            92.43,48,100,3.76
3141310,Rorvik,NO,64.86,11.24,01/24/20,            33.87,80,75,13.87
6068416,Mayo,CA,63.59,-135.9,01/24/20,            6.8,77,90,3.36
2155562,Nelson Bay,AU,-32.72,152.15,01/24/20,            74.52,94,90,10.29
3566356,Caibarien,CU,22.52,-79.47,01/24/20,            78.8,54,75,5.82
2629833,Husavik,IS,66.04,-17.34,01/24/20,            28.4,86,40,9.17
1812805,Dinghaicun,CN,26.28,119.79,01/24/20,            55.4,93,90,13.42
2028164,Deputatsky,RU,69.3,139.9,01/24/20,            -36.89,96,0,1.34
3372760,Praia da Vitoria,PT,38.73,-27.07,01/24/20,            55.4,82,75,5.53
5864145,Homer,US,59.64,-151.55,01/24/20,            10.87,60,1,13.82
3401148,Cururupu,BR,-1.83,-44.87,01/24/20,            80.01,84,100,4
2120400,Tungor,RU,53.38,142.96,01/24/20,            -1.88,88,100,14.41
3025892,Chaumont,FR,48.12,5.13,01/24/20,            30.56,86,40,4.7
1058381,Morondava,MG,-20.28,44.28,01/24/20,            76.3,89,96,2.42
585187,Sabirabad,AZ,40.01,48.48,01/24/20,            35.6,69,40,6.93
236524,Rafai,CF,4.95,23.92,01/24/20,            68.94,26,96,3.04
1651591,Amahai,ID,-3.33,128.92,01/24/20,            81.91,74,59,6.33
1562414,Vung Tau,VN,10.35,107.08,01/24/20,            76.12,77,35,15.43
1280037,Shache,CN,38.42,77.24,01/24/20,            22.55,65,91,4.52
3691954,Sechura,PE,-5.56,-80.82,01/24/20,            72.91,87,63,16.51
2015217,Tokur,RU,53.13,132.9,01/24/20,            -30.06,99,100,1.45
3948613,Acari,PE,-15.43,-74.62,01/24/20,            73.15,67,76,9.73
2059470,Victor Harbor,AU,-35.57,138.62,01/24/20,            61.74,77,75,9.17
6096551,Pangnirtung,CA,66.15,-65.71,01/24/20,            -27.4,67,20,2.55
1715015,Dicabisagan,PH,17.08,122.42,01/24/20,            73.35,88,98,8.08
86049,Jalu,LY,29.03,21.55,01/24/20,            54.46,63,0,5.35
3137469,Sorland,NO,67.67,12.69,01/24/20,            33.22,69,40,17.22
1581047,Ha Tinh,VN,18.33,105.9,01/24/20,            73.38,88,79,12.57
2520493,Calvia,ES,39.57,2.51,01/24/20,            53.51,93,75,1.12
2112802,Hasaki,JP,35.73,140.83,01/24/20,            37.42,69,75,6.93
1737185,Kapit,MY,2.02,112.93,01/24/20,            70.63,99,94,0.58
3980180,Frontera,MX,26.93,-101.45,01/24/20,            64.4,52,20,6.93
1275960,Bhilwara,IN,25.35,74.63,01/24/20,            54.57,32,0,3.71
4542765,Midwest City,US,35.45,-97.4,01/24/20,            49.15,49,1,10.29
3116478,Monforte de Lemos,ES,42.52,-7.51,01/24/20,            37.42,99,0,1.01
3587498,Acajutla,SV,13.59,-89.83,01/24/20,            83.5,35,20,2.24
3590069,San Jose,GT,16.98,-89.9,01/24/20,            76.05,90,43,3.91
3517970,Pochutla,MX,15.74,-96.47,01/24/20,            83.88,58,40,6.93
5380437,Pacific Grove,US,36.62,-121.92,01/24/20,            61.93,55,1,6.93
2448083,Agadez,NE,19.75,10.25,01/24/20,            65.01,10,55,5.99
2159220,Mackay,AU,-21.15,149.2,01/24/20,            76.53,94,90,8.05
2964782,Dingle,IE,52.14,-10.27,01/24/20,            44.6,87,75,2.24
2126785,Belaya Gora,RU,68.53,146.42,01/24/20,            -34.35,89,84,1.3
2019309,Neryungri,RU,56.67,124.65,01/24/20,            -20.34,93,79,2.62
3664980,Boa Vista,BR,2.82,-60.67,01/24/20,            93.2,38,75,9.17
2084442,Vanimo,PG,-2.67,141.3,01/24/20,            81.68,79,54,7.38
145531,Saurimo,AO,-9.66,20.39,01/24/20,            67.64,95,100,2.98
4989133,Clinton,US,42.59,-82.92,01/24/20,            34.97,93,90,12.75
3129476,Arnedo,ES,42.22,-2.1,01/24/20,            45.16,100,75,2.24
5972762,Hay River,CA,60.82,-115.8,01/24/20,            10.4,85,75,2.24
53157,Qandala,SO,11.47,49.87,01/24/20,            74.3,79,61,1.39
58933,Garoowe,SO,8.41,48.48,01/24/20,            76.26,70,98,15.59
5605242,Rexburg,US,43.83,-111.79,01/24/20,            32.13,92,90,2.24
5983720,Iqaluit,CA,63.75,-68.51,01/24/20,            -23.42,61,20,13.87
3573197,Hamilton,BM,32.29,-64.78,01/24/20,            68.95,83,75,17.22
1685422,Sulangan,PH,11.14,123.72,01/24/20,            80.2,81,0,7.25
1517323,Zhanakorgan,KZ,43.91,67.25,01/24/20,            28.62,90,99,7.02
2063042,Port Hedland,AU,-20.32,118.57,01/24/20,            82.4,88,0,6.08
3516376,Tamiahua,MX,21.27,-97.45,01/24/20,            72.93,79,20,11.48
286245,Sur,OM,22.57,59.53,01/24/20,            68.16,76,35,2.42
2122574,Ola,RU,59.58,151.28,01/24/20,            -23.15,73,0,9.13
3928317,Lircay,PE,-12.99,-74.72,01/24/20,            71.6,46,75,3.36
5586093,Blackfoot,US,43.19,-112.34,01/24/20,            32.67,92,90,7.29
2527087,Tiznit,MA,29.58,-9.5,01/24/20,            52.18,71,87,1.9
2235776,Akonolinga,CM,3.77,12.25,01/24/20,            66.25,25,7,0.38
1510916,Barabinsk,RU,55.36,78.36,01/24/20,            28.98,97,100,9.55
1622786,Makassar,ID,-5.14,119.42,01/24/20,            75.2,94,20,2.24
5830062,Laramie,US,41.31,-105.59,01/24/20,            42.15,38,1,21.92
3985168,San Patricio,MX,19.22,-104.7,01/24/20,            84.2,66,40,11.41
2078025,Adelaide,AU,-34.93,138.6,01/24/20,            61.34,77,75,9.17
5826027,Gillette,US,44.29,-105.5,01/24/20,            47.89,42,1,10.29
1733697,Semporna,MY,4.48,118.61,01/24/20,            77,94,75,4.7
1790959,Taicheng,CN,38.73,113.23,01/24/20,            19.2,89,60,2.39
2636638,Stromness,GB,58.97,-3.3,01/24/20,            42.8,93,100,11.41
3905159,San Pedro,BO,-16.24,-68.85,01/24/20,            53.56,69,100,7.18
2236967,Soyo,AO,-6.13,12.37,01/24/20,            78.96,81,65,2.66
515879,Oktyabrskiy,RU,54.48,53.47,01/24/20,            7.74,94,100,10.92
3901903,Uyuni,BO,-20.46,-66.83,01/24/20,            68.5,24,73,19.15
2610806,Vagur,FO,61.47,-6.81,01/24/20,            42.37,91,100,16.64
2261740,Vendas Novas,PT,38.68,-8.46,01/24/20,            50.47,100,20,3.36
2012956,Yerbogachen,RU,61.28,108.01,01/24/20,            2.3,96,100,5.79
8079926,Labuhan,ID,-6.88,112.21,01/24/20,            76.05,88,39,2.24
198629,Eldoret,KE,0.52,35.27,01/24/20,            60.8,82,75,5.82
1047660,Cuamba,MZ,-14.8,36.54,01/24/20,            67.1,92,80,5.79
1786538,Yining,CN,29.04,114.56,01/24/20,            42.28,96,100,3.22
2013952,Ust'-Ilimsk,RU,58,102.66,01/24/20,            23.95,95,100,8.75
3671519,Puerto Carreno,CO,6.19,-67.49,01/24/20,            96.8,39,20,10.29
1786657,Yinchuan,CN,38.47,106.27,01/24/20,            22.05,69,0,2.39
1267433,Kattivakkam,IN,13.22,80.32,01/24/20,            73.71,88,20,9.93
5192726,Harrisburg,US,40.27,-76.88,01/24/20,            48.94,53,90,8.05
2440485,Niamey,NE,13.51,2.11,01/24/20,            80.6,8,52,6.93
2018553,Olga,RU,43.74,135.29,01/24/20,            17.37,44,0,7.4
3347853,Longonjo,AO,-12.91,15.25,01/24/20,            63.5,91,100,2.75
2138555,Poum,NC,-20.23,164.02,01/24/20,            79.18,75,85,17.85
1496511,Novyy Urengoy,RU,66.08,76.63,01/24/20,            7.59,96,94,2.17
5919850,Chapais,CA,49.78,-74.85,01/24/20,            14,72,1,4.7
1261066,Okha,IN,22.47,69.06,01/24/20,            71.11,57,64,6.82
638936,Rovaniemi,FI,66.5,25.72,01/24/20,            10.4,92,68,1.12
2062276,Roebourne,AU,-20.78,117.13,01/24/20,            87.55,48,42,9.19
2276492,Harper,LR,4.38,-7.72,01/24/20,            78.42,92,2,3.09
343292,Asosa,ET,10.07,34.53,01/24/20,            67.28,32,31,7.52
3403687,Camocim,BR,-2.9,-40.84,01/24/20,            80.55,77,92,8.25
4033356,Tiarei,PF,-17.53,-149.33,01/24/20,            87.42,66,20,4.7
2524245,Marsala,IT,37.8,12.44,01/24/20,            53.65,71,40,17.22
2037222,Gongzhuling,CN,43.5,124.82,01/24/20,            -0.17,75,5,5.21
1259385,Port Blair,IN,11.67,92.75,01/24/20,            79.66,71,31,12.75
2094342,Kavieng,PG,-2.57,150.8,01/24/20,            83.05,69,17,8.16
3792380,Tiquisio,CO,8.56,-74.27,01/24/20,            87.08,60,100,1.72
3356832,Henties Bay,NA,-22.12,14.28,01/24/20,            66.99,91,0,1.99
1264514,Magadi,IN,12.97,77.23,01/24/20,            60.8,87,100,1.12
3573061,Saint George,BM,32.38,-64.68,01/24/20,            68.99,83,75,17.22
2171085,Coffs Harbour,AU,-30.3,153.13,01/24/20,            75.13,83,90,10.29
1106643,Quatre Cocos,MU,-20.21,57.76,01/24/20,            79.34,94,75,12.75
2295021,Sunyani,GH,7.34,-2.33,01/24/20,            77.43,18,44,2.93
3572627,Cockburn Town,BS,24.03,-74.52,01/24/20,            74.03,70,0,13.2
5972291,Havre-Saint-Pierre,CA,50.23,-63.6,01/24/20,            12.2,51,1,8.05
6172009,Unity,CA,52.45,-109.17,01/24/20,            30.99,89,100,5.61
1337610,Thinadhoo,MV,0.53,72.93,01/24/20,            82.63,80,70,16.46
3897347,Calama,CL,-22.47,-68.93,01/24/20,            68,52,75,18.34
6113406,Prince Rupert,CA,54.32,-130.32,01/24/20,            45.45,81,83,15.23
1252646,Kilakarai,IN,9.23,78.78,01/24/20,            79.75,76,7,17.56
2615859,Oksbol,DK,55.63,8.29,01/24/20,            43.39,100,100,11.41
3663495,Manoel Urbano,BR,-8.84,-69.26,01/24/20,            84.34,60,92,4.81
1729469,Baculin,PH,7.45,126.58,01/24/20,            72.09,91,73,2.55
2065594,Mount Isa,AU,-20.73,139.5,01/24/20,            77,94,90,6.93
2112444,Kamaishi,JP,39.27,141.88,01/24/20,            26.98,56,0,6.62
522260,Nikel,RU,69.41,30.22,01/24/20,            5,84,75,1.52
3407762,Amapa,BR,1,-52,01/24/20,            77.56,92,40,5.53
3448903,Sao Joao da Barra,BR,-21.64,-41.05,01/24/20,            76.06,94,90,13.96
5955902,Fort Nelson,CA,58.81,-122.7,01/24/20,            8.6,92,90,5.82
7873725,Schruns,AT,47.07,9.95,01/24/20,            32.58,74,75,1.12
3393471,Oriximina,BR,-1.77,-55.87,01/24/20,            92.64,48,78,1.39
1298911,Pyu,MM,18.48,96.43,01/24/20,            61.83,55,100,6.15
3565951,Campechuela,CU,20.23,-77.28,01/24/20,            76.14,56,0,7.83
2139521,Noumea,NC,-22.28,166.46,01/24/20,            77.18,73,90,5.82
147611,Lerik,AZ,38.77,48.41,01/24/20,            37.4,86,90,2.19
2019935,Mnogovershinnyy,RU,53.94,139.92,01/24/20,            -8.28,97,100,5.59
1052373,Beira,MZ,-19.84,34.84,01/24/20,            81.21,72,34,15.19
510911,Pervomayskiy,RU,53.25,40.29,01/24/20,            32.65,97,100,18.37
2026160,Borogontsy,RU,62.67,131.17,01/24/20,            -42.56,97,18,2.44
1174451,Keti Bandar,PK,24.14,67.45,01/24/20,            68.07,59,87,8.84
6050066,La Ronge,CA,55.1,-105.28,01/24/20,            26.6,73,20,3.36
3460629,Itaqui,BR,-29.13,-56.55,01/24/20,            85.77,36,0,8.34
1508811,Bredy,RU,52.42,60.34,01/24/20,            2.71,90,0,10.56
512247,Pavino,RU,59.11,46.14,01/24/20,            24.58,96,100,6.38
1737714,Limbang,MY,4.75,115,01/24/20,            80.38,88,75,6.93
1153669,Chiang Rai,TH,19.91,99.83,01/24/20,            53.78,93,77,1.12
1803567,Linfen,CN,36.09,111.52,01/24/20,            34.47,75,92,2.1
3374333,Praia,CV,14.92,-23.51,01/24/20,            77,47,30,17.22
935616,Le Port,RE,-20.94,55.29,01/24/20,            76.03,94,90,8.05
4004293,Ixtapa,MX,20.7,-105.2,01/24/20,            79.39,69,20,9.17
2978758,Saint-Lo,FR,49.12,-1.09,01/24/20,            36.37,100,90,9.17
6159244,Summerside,CA,46.4,-63.79,01/24/20,            25.84,73,90,9.17
544397,Kortkeros,RU,61.81,51.58,01/24/20,            17.6,92,90,8.95
1487615,Vengerovo,RU,55.68,76.75,01/24/20,            28.31,96,100,9.86
2016680,Shirokiy,RU,49.76,129.52,01/24/20,            -18.44,93,0,1.77
1529651,Altay,CN,47.87,88.12,01/24/20,            14.38,42,19,6.73
2258378,Loandjili,CG,-4.76,11.86,01/24/20,            82.4,88,75,6.93
3423146,Ilulissat,GL,69.22,-51.1,01/24/20,            19.4,62,75,14.99
650769,Kristinestad,FI,62.27,21.38,01/24/20,            35.11,67,98,19.77
2020738,Litovko,RU,49.24,135.17,01/24/20,            -7.76,75,0,8.41
1801850,Luorong,CN,24.41,109.61,01/24/20,            50.07,84,100,8.46
5536630,Cedar City,US,37.68,-113.06,01/24/20,            46.29,52,90,3.36
1263780,Mangalore,IN,12.87,74.88,01/24/20,            78.8,78,20,3.36
1895695,Kushima,JP,31.46,131.23,01/24/20,            53.58,86,100,2.98
2524881,Crotone,IT,39.09,17.12,01/24/20,            54.54,76,99,18.32
1508501,Chadan,RU,51.28,91.58,01/24/20,            -5.58,91,100,1.48
525426,Sobolevo,RU,54.43,31.9,01/24/20,            36.68,93,100,15.48
1735902,Sibu,MY,2.3,111.82,01/24/20,            75.13,100,75,2.24
2035715,Mudanjiang,CN,44.58,129.6,01/24/20,            -10.1,94,0,2.13
4333811,Morgan City,US,29.7,-91.21,01/24/20,            64.51,40,1,10.29
978895,Margate,ZA,-30.86,30.37,01/24/20,            79.79,80,100,27.58
1486340,Yarovoy,RU,52.93,78.58,01/24/20,            29.98,96,100,16.04
3520994,Puerto Escondido,MX,15.85,-97.07,01/24/20,            80.6,74,20,9.17
264650,Aris,GR,37.1,22,01/24/20,            45.46,93,25,2.24
1582886,Kwang Binh,VN,17.48,106.6,01/24/20,            71.02,93,98,5.79
1235846,Matara,LK,5.95,80.54,01/24/20,            73.13,86,1,7.87
1720237,Calituban,PH,10.24,124.29,01/24/20,            78.8,88,90,6.93
1584071,Da Lat,VN,11.95,108.44,01/24/20,            55.09,95,93,0.96
3939168,Huarmey,PE,-10.07,-78.15,01/24/20,            82.44,47,31,9.64
4571722,Bluffton,US,32.24,-80.86,01/24/20,            63.86,77,75,12.75
6063429,Macklin,CA,52.33,-109.93,01/24/20,            32.38,88,100,4.29
1798473,Puqi,CN,29.72,113.88,01/24/20,            42.62,97,100,3.42
1491719,Sladkovo,RU,55.53,70.34,01/24/20,            7.79,95,77,7.36
2160517,Launceston,AU,-41.45,147.17,01/24/20,            58.51,87,40,13.87
5939236,Digby,CA,44.62,-65.77,01/24/20,            36.46,81,90,7.09
